{
    "images": [
        "image1_F.jpg",
        "image2_F.jpg",
        "image3_F.jpg",
        "image4_F.jpg"
    ],
    "loc": [
        [
            5.540932722240693,
            0.03376752402902074,
            1.8645546190749769
        ],
        [
            0.8808187459541631,
            0.029767829946250737,
            1.1031975381638959
        ],
        [
            -2.994282197018268,
            -0.027902214255430872,
            -0.5506253196508042
        ],
        [
            -2.8990449353793055,
            -0.06694629276877573,
            -3.088265966550897
        ]
    ],
    "front": [
        [
            4.540977346626401,
            0.042766720883046686,
            1.8674288556805205
        ],
        [
            -0.11917293752574912,
            0.03383969903597248,
            1.1034274362445922
        ],
        [
            -3.9942818213714544,
            -0.0271241713028864,
            -0.5510073440608115
        ],
        [
            -3.899037850647021,
            -0.06456705851582988,
            -3.0911829270828703
        ]
    ]
}